{
    "product_categories": [
      {
        "id": 24,
        "name": "Albums",
        "slug": "albums",
        "parent": 20,
        "description": "",
        "display": "default",
        "image": "",
        "count": 4
      },
      {
        "id": 18,
        "name": "Clothing",
        "slug": "clothing",
        "parent": 0,
        "description": "",
        "display": "default",
        "image": "",
        "count": 12
      },
      {
        "id": 19,
        "name": "Hoodies",
        "slug": "hoodies",
        "parent": 18,
        "description": "",
        "display": "default",
        "image": "",
        "count": 6
      },
      {
        "id": 20,
        "name": "Music",
        "slug": "music",
        "parent": 0,
        "description": "",
        "display": "default",
        "image": "",
        "count": 6
      },
      {
        "id": 21,
        "name": "Posters",
        "slug": "posters",
        "parent": 0,
        "description": "",
        "display": "default",
        "image": "",
        "count": 5
      },
      {
        "id": 22,
        "name": "Singles",
        "slug": "singles",
        "parent": 20,
        "description": "",
        "display": "default",
        "image": "",
        "count": 2
      },
      {
        "id": 23,
        "name": "T-shirts",
        "slug": "t-shirts",
        "parent": 18,
        "description": "",
        "display": "default",
        "image": "",
        "count": 6
      }
    ]
  }