{
    "products": [
      {
        "title": "Ship Your Idea",
        "id": 22,
        "created_at": "2013-06-07T10:46:01Z",
        "updated_at": "2013-06-07T10:46:01Z",
        "type": "variable",
        "status": "publish",
        "downloadable": false,
        "virtual": false,
        "permalink": "http://localhost/wordpress/product/ship-your-idea/",
        "sku": "",
        "price": "20",
        "regular_price": "",
        "sale_price": null,
        "price_html": "<span class=\"woocommerce-Price-amount amount\"><span class=\"woocommerce-Price-currencySymbol\">&pound;</span>20.00</span>",
        "taxable": false,
        "tax_status": "taxable",
        "tax_class": "",
        "managing_stock": false,
        "stock_quantity": null,
        "in_stock": true,
        "backorders_allowed": false,
        "backordered": false,
        "sold_individually": false,
        "purchaseable": true,
        "featured": false,
        "visible": true,
        "catalog_visibility": "visible",
        "on_sale": false,
        "product_url": "",
        "button_text": "",
        "weight": null,
        "dimensions": {
          "length": "",
          "width": "",
          "height": "",
          "unit": "cm"
        },
        "shipping_required": true,
        "shipping_taxable": true,
        "shipping_class": "",
        "shipping_class_id": null,
        "description": "<p>Pellentesque habitant morbi tristique senectus et netus et malesuada fames ac turpis egestas. Vestibulum tortor quam, feugiat vitae, ultricies eget, tempor sit amet, ante. Donec eu libero sit amet quam egestas semper. Aenean ultricies mi vitae est. Mauris placerat eleifend leo.</p>\n",
        "short_description": "<p>Pellentesque habitant morbi tristique senectus et netus et malesuada fames ac turpis egestas. Vestibulum tortor quam, feugiat vitae, ultricies eget, tempor sit amet, ante. Donec eu libero sit amet quam egestas semper. Aenean ultricies mi vitae est. Mauris placerat eleifend leo.</p>\n",
        "reviews_allowed": true,
        "average_rating": "4.33",
        "rating_count": 3,
        "related_ids": [
          53,
          40,
          56,
          34,
          15
        ],
        "upsell_ids": [
          40
        ],
        "cross_sell_ids": [],
        "parent_id": 0,
        "categories": [
          "Clothing",
          "T-shirts"
        ],
        "tags": [],
        "images": [
          {
            "id": 25,
            "created_at": "2013-06-07T10:45:14Z",
            "updated_at": "2013-06-07T10:45:14Z",
            "src": "assets/images/T_4_front.jpg",
            "title": "T_4_front",
            "alt": "",
            "position": 0
          },
          {
            "id": 26,
            "created_at": "2013-06-07T10:45:26Z",
            "updated_at": "2013-06-07T10:45:26Z",
            "src": "assets/images/T_3_back.jpg",
            "title": "T_3_back",
            "alt": "",
            "position": 1
          },
          {
            "id": 27,
            "created_at": "2013-06-07T10:45:27Z",
            "updated_at": "2013-06-07T10:45:27Z",
            "src": "assets/images/T_3_front.jpg",
            "title": "T_3_front",
            "alt": "",
            "position": 2
          },
          {
            "id": 28,
            "created_at": "2013-06-07T10:45:29Z",
            "updated_at": "2013-06-07T10:45:29Z",
            "src": "assets/images/T_4_back.jpg",
            "title": "T_4_back",
            "alt": "",
            "position": 3
          },
          {
            "id": 29,
            "created_at": "2013-06-07T10:45:30Z",
            "updated_at": "2013-06-07T10:45:30Z",
            "src": "assets/images/T_4_front1.jpg",
            "title": "T_4_front",
            "alt": "",
            "position": 4
          }
        ],
        "featured_src": "assets/images/T_4_front.jpg",
        "attributes": [
          {
            "name": "color",
            "slug": "color",
            "position": 0,
            "visible": false,
            "variation": true,
            "options": [
              "Black",
              "Green"
            ]
          }
        ],
        "downloads": [],
        "download_limit": -1,
        "download_expiry": -1,
        "download_type": "standard",
        "purchase_note": "",
        "total_sales": 0,
        "variations": [
          {
            "id": 23,
            "created_at": "2013-06-07T10:44:57Z",
            "updated_at": "2013-06-07T10:44:57Z",
            "downloadable": false,
            "virtual": false,
            "permalink": "http://localhost/wordpress/product/ship-your-idea/?attribute_pa_color=black",
            "sku": "",
            "price": "20",
            "regular_price": "20",
            "sale_price": null,
            "taxable": false,
            "tax_status": "taxable",
            "tax_class": "",
            "managing_stock": false,
            "stock_quantity": null,
            "in_stock": true,
            "backorders_allowed": false,
            "backordered": false,
            "purchaseable": true,
            "visible": true,
            "on_sale": false,
            "weight": null,
            "dimensions": {
              "length": "",
              "width": "",
              "height": "",
              "unit": "cm"
            },
            "shipping_class": "",
            "shipping_class_id": null,
            "image": [
              {
                "id": 29,
                "created_at": "2013-06-07T10:45:30Z",
                "updated_at": "2013-06-07T10:45:30Z",
                "src": "assets/images/T_4_front1.jpg",
                "title": "T_4_front",
                "alt": "",
                "position": 0
              }
            ],
            "attributes": [
              {
                "name": "color",
                "slug": "color",
                "option": "black"
              }
            ],
            "downloads": [],
            "download_limit": -1,
            "download_expiry": -1
          },
          {
            "id": 24,
            "created_at": "2013-06-07T10:44:58Z",
            "updated_at": "2013-06-07T10:44:58Z",
            "downloadable": false,
            "virtual": false,
            "permalink": "http://localhost/wordpress/product/ship-your-idea/?attribute_pa_color=green",
            "sku": "",
            "price": "20",
            "regular_price": "20",
            "sale_price": null,
            "taxable": false,
            "tax_status": "taxable",
            "tax_class": "",
            "managing_stock": false,
            "stock_quantity": null,
            "in_stock": true,
            "backorders_allowed": false,
            "backordered": false,
            "purchaseable": true,
            "visible": true,
            "on_sale": false,
            "weight": null,
            "dimensions": {
              "length": "",
              "width": "",
              "height": "",
              "unit": "cm"
            },
            "shipping_class": "",
            "shipping_class_id": null,
            "image": [
              {
                "id": 27,
                "created_at": "2013-06-07T10:45:27Z",
                "updated_at": "2013-06-07T10:45:27Z",
                "src": "assets/images/T_3_front.jpg",
                "title": "T_3_front",
                "alt": "",
                "position": 0
              }
            ],
            "attributes": [
              {
                "name": "color",
                "slug": "color",
                "option": "green"
              }
            ],
            "downloads": [],
            "download_limit": -1,
            "download_expiry": -1
          }
        ],
        "parent": [],
        "grouped_products": [],
        "menu_order": 0
      },
      {
        "title": "Premium Quality",
        "id": 19,
        "created_at": "2013-06-07T10:41:52Z",
        "updated_at": "2013-06-07T10:41:52Z",
        "type": "simple",
        "status": "publish",
        "downloadable": false,
        "virtual": false,
        "permalink": "http://localhost/wordpress/product/premium-quality/",
        "sku": "",
        "price": "20",
        "regular_price": "20",
        "sale_price": null,
        "price_html": "<span class=\"woocommerce-Price-amount amount\"><span class=\"woocommerce-Price-currencySymbol\">&pound;</span>20.00</span>",
        "taxable": false,
        "tax_status": "taxable",
        "tax_class": "",
        "managing_stock": false,
        "stock_quantity": null,
        "in_stock": true,
        "backorders_allowed": false,
        "backordered": false,
        "sold_individually": false,
        "purchaseable": true,
        "featured": false,
        "visible": true,
        "catalog_visibility": "visible",
        "on_sale": false,
        "product_url": "",
        "button_text": "",
        "weight": null,
        "dimensions": {
          "length": "",
          "width": "",
          "height": "",
          "unit": "cm"
        },
        "shipping_required": true,
        "shipping_taxable": true,
        "shipping_class": "",
        "shipping_class_id": null,
        "description": "<p>Pellentesque habitant morbi tristique senectus et netus et malesuada fames ac turpis egestas. Vestibulum tortor quam, feugiat vitae, ultricies eget, tempor sit amet, ante. Donec eu libero sit amet quam egestas semper. Aenean ultricies mi vitae est. Mauris placerat eleifend leo.</p>\n",
        "short_description": "<p>Pellentesque habitant morbi tristique senectus et netus et malesuada fames ac turpis egestas. Vestibulum tortor quam, feugiat vitae, ultricies eget, tempor sit amet, ante. Donec eu libero sit amet quam egestas semper. Aenean ultricies mi vitae est. Mauris placerat eleifend leo.</p>\n",
        "reviews_allowed": true,
        "average_rating": "4.50",
        "rating_count": 2,
        "related_ids": [
          34,
          56,
          22,
          60,
          15
        ],
        "upsell_ids": [],
        "cross_sell_ids": [],
        "parent_id": 0,
        "categories": [
          "Clothing",
          "T-shirts"
        ],
        "tags": [],
        "images": [
          {
            "id": 20,
            "created_at": "2013-06-07T10:41:23Z",
            "updated_at": "2013-06-07T10:41:23Z",
            "src": "assets/images/T_2_front.jpg",
            "title": "T_2_front",
            "alt": "",
            "position": 0
          },
          {
            "id": 21,
            "created_at": "2013-06-07T10:41:34Z",
            "updated_at": "2013-06-07T10:41:34Z",
            "src": "assets/images/T_2_back.jpg",
            "title": "T_2_back",
            "alt": "",
            "position": 1
          }
        ],
        "featured_src": "assets/images/T_2_front.jpg",
        "attributes": [],
        "downloads": [],
        "download_limit": -1,
        "download_expiry": -1,
        "download_type": "standard",
        "purchase_note": "",
        "total_sales": 0,
        "variations": [],
        "parent": [],
        "grouped_products": [],
        "menu_order": 0
      },
      {
        "title": "Woo Logo",
        "id": 15,
        "created_at": "2013-06-07T10:35:51Z",
        "updated_at": "2013-06-07T10:35:51Z",
        "type": "simple",
        "status": "publish",
        "downloadable": false,
        "virtual": false,
        "permalink": "http://localhost/wordpress/product/woo-logo/",
        "sku": "",
        "price": "18",
        "regular_price": "20",
        "sale_price": "18",
        "price_html": "<del><span class=\"woocommerce-Price-amount amount\"><span class=\"woocommerce-Price-currencySymbol\">&pound;</span>20.00</span></del> <ins><span class=\"woocommerce-Price-amount amount\"><span class=\"woocommerce-Price-currencySymbol\">&pound;</span>18.00</span></ins>",
        "taxable": false,
        "tax_status": "taxable",
        "tax_class": "",
        "managing_stock": true,
        "stock_quantity": 5,
        "in_stock": true,
        "backorders_allowed": false,
        "backordered": false,
        "sold_individually": false,
        "purchaseable": true,
        "featured": false,
        "visible": true,
        "catalog_visibility": "visible",
        "on_sale": true,
        "product_url": "",
        "button_text": "",
        "weight": null,
        "dimensions": {
          "length": "",
          "width": "",
          "height": "",
          "unit": "cm"
        },
        "shipping_required": true,
        "shipping_taxable": true,
        "shipping_class": "",
        "shipping_class_id": null,
        "description": "<p>Pellentesque habitant morbi tristique senectus et netus et malesuada fames ac turpis egestas. Vestibulum tortor quam, feugiat vitae, ultricies eget, tempor sit amet, ante. Donec eu libero sit amet quam egestas semper. Aenean ultricies mi vitae est. Mauris placerat eleifend leo.</p>\n",
        "short_description": "<p>Pellentesque habitant morbi tristique senectus et netus et malesuada fames ac turpis egestas. Vestibulum tortor quam, feugiat vitae, ultricies eget, tempor sit amet, ante. Donec eu libero sit amet quam egestas semper. Aenean ultricies mi vitae est. Mauris placerat eleifend leo.</p>\n",
        "reviews_allowed": true,
        "average_rating": "4.00",
        "rating_count": 1,
        "related_ids": [
          31,
          50,
          22,
          47,
          56
        ],
        "upsell_ids": [
          60
        ],
        "cross_sell_ids": [],
        "parent_id": 0,
        "categories": [
          "Clothing",
          "T-shirts"
        ],
        "tags": [],
        "images": [
          {
            "id": 16,
            "created_at": "2013-06-07T10:35:28Z",
            "updated_at": "2013-06-07T10:35:28Z",
            "src": "assets/images/T_1_front.jpg",
            "title": "T_1_front",
            "alt": "",
            "position": 0
          },
          {
            "id": 17,
            "created_at": "2013-06-07T10:35:39Z",
            "updated_at": "2013-06-07T10:35:39Z",
            "src": "assets/images/T_1_back.jpg",
            "title": "T_1_back",
            "alt": "",
            "position": 1
          }
        ],
        "featured_src": "assets/images/T_1_front.jpg",
        "attributes": [],
        "downloads": [],
        "download_limit": -1,
        "download_expiry": -1,
        "download_type": "standard",
        "purchase_note": "",
        "total_sales": 0,
        "variations": [],
        "parent": [],
        "grouped_products": [],
        "menu_order": 0
      }
    ]
  }