{
    "product_reviews": [
      {
        "id": 5,
        "created_at": "2013-06-07T11:43:13Z",
        "review": "Nice T-shirt, I got one in black. Goes with anything!",
        "rating": "4",
        "reviewer_name": "James Koster",
        "reviewer_email": "james@jameskoster.co.uk",
        "verified": false
      },
      {
        "id": 6,
        "created_at": "2013-06-07T11:55:15Z",
        "review": "Very comfortable shirt, and I love the graphic!",
        "rating": "4",
        "reviewer_name": "Cobus Bester",
        "reviewer_email": "bester.c@gmail.com",
        "verified": false
      },
      {
        "id": 7,
        "created_at": "2013-06-07T13:02:14Z",
        "review": "Great T-shirt quality, Great Design and Great Service.",
        "rating": "5",
        "reviewer_name": "Stuart",
        "reviewer_email": "stuart@woothemes.com",
        "verified": false
      }
    ]
  }